"ID"	"Name"	"Designator"	"Footprint"	"Quantity"	"Manufacturer Part"	"Manufacturer"	"Supplier"	"Supplier Part"	"LCSC Assembly"
"1"	"LM5146RGYR"	"U1"	"VQFN-20_L4.5-W3.5-P0.50-BL-EP"	"1"	"LM5146RGYR"	"Texas Instruments"	"LCSC"	""	""
"2"	"CSD19532Q5B"	"Q1"	"SON-8_L5.0-W6.0-P1.27"	"1"	"CSD19532Q5B"	"Texas Instruments"	"LCSC"	"C473333"	""
"3"	"CSD19532Q5B"	"Q2"	"SON-8_L5.0-W6.0-P1.27"	"1"	"CSD19532Q5B"	"Texas Instruments"	"LCSC"	"C473333"	""
"4"	"12uH"	"L1"	""	"1"	"?"	""	"LCSC"	""	""
"5"	"10uF/100V X7R"	"C1,C2,C3,C4"	"1210"	"4"	"?"	""	"LCSC"	""	""
"6"	"100uF/63V Polymer"	"C5"	""	"1"	"?"	""	"LCSC"	""	""
"7"	"22uF/25V X7R"	"C6,C7"	"1210"	"2"	"?"	""	"LCSC"	""	""
"8"	"470uF/16V Polymer"	"C8"	""	"1"	"?"	""	"LCSC"	""	""
"9"	"0.47uF"	"Cboot"	""	"1"	"?"	""	"LCSC"	""	""
"10"	"2.2uF"	"CVCC"	""	"1"	"?"	""	"LCSC"	""	""
"11"	"20k 1%"	"RFB1"	""	"1"	"?"	""	"LCSC"	""	""
"12"	"1.43k 1%"	"RFB2"	""	"1"	"?"	""	"LCSC"	""	""
"13"	"12k 1%"	"RC1"	""	"1"	"?"	""	"LCSC"	""	""
"14"	"12nF"	"CC1"	""	"1"	"?"	""	"LCSC"	""	""
"15"	"150pF C0G"	"CC2"	""	"1"	"?"	""	"LCSC"	""	""
"16"	"3.6nF C0G"	"CC3"	""	"1"	"?"	""	"LCSC"	""	""
"17"	"300R 1%"	"RC2"	""	"1"	"?"	""	"LCSC"	""	""
"18"	"33.2k 1%"	"RT"	""	"1"	"?"	""	"LCSC"	""	""
"19"	"150nF"	"CSS"	""	"1"	"?"	""	"LCSC"	""	""
"20"	"200k 1%"	"RUV1"	""	"1"	"?"	""	"LCSC"	""	""
"21"	"7.32k 1%"	"RUV2"	""	"1"	"?"	""	"LCSC"	""	""
"22"	"258R 1%"	"RILIM"	""	"1"	"?"	""	"LCSC"	""	""
"23"	"22pF C0G"	"CILIM"	""	"1"	"?"	""	"LCSC"	""	""
"24"	"LM393DR2G"	"U2"	"SOIC-8"	"1"	"LM393DR2G"	"onsemi"	"LCSC"	""	""
"25"	"98.8k 1%"	"R_OV1"	""	"1"	"?"	""	"LCSC"	""	""
"26"	"10.0k 1%"	"R_OV2"	""	"1"	"?"	""	"LCSC"	""	""
"27"	"49.9k 1%"	"R_OV3"	""	"1"	"?"	""	"LCSC"	""	""
"28"	"10.0k 1%"	"R_OV4"	""	"1"	"?"	""	"LCSC"	""	""
"29"	"200k 1%"	"R_OV5"	""	"1"	"?"	""	"LCSC"	""	""
"30"	"2.2R"	"R_BST"	""	"1"	"?"	""	"LCSC"	""	""
"31"	"2.2R"	"Rg_LO"	""	"1"	"?"	""	"LCSC"	""	""
"32"	"Fast Recovery Diode"	"D_VCC"	""	"0"	"?"	""	"LCSC"	""	""
